{
    "id": "forien-unidentified-items",
    "title": "Forien's Unidentified Items",
    "description": "Provides system agnostic solution to handle unidentified items and their identification.",
    "version": "1.0.3",
    "authors": [
        {
            "name": "Forien",
            "url": "https://www.patreon.com/foundryworkshop"
        },
        {
            "name": "Matheus Clemente",
            "url": "https://www.patreon.com/mclemente"
        },
        {
            "name": "p4535992",
            "url": "https://github.com/p4535992",
            "discord": "",
            "twitter": "",
            "patreon": "",
            "github": "p4535992",
            "ko-fi": "",
            "reddit": "",
            "email": ""
        }
    ],
    "type": "module",
    "socket": true,
    "includes": [
        "./assets/**",
        "./lang/**",
        "./languages/**",
        "./scripts/**",
        "./styles/**",
        "./templates/**",
        "./module.json",
        "./README.md",
        "./icons/**",
        "./packs/**"
    ],
    "media": [
        {
            "type": "icon",
            "location": ""
        },
        {
            "type": "cover",
            "location": ""
        },
        {
            "type": "screenshot",
            "location": ""
        }
    ],
    "languages": [
        {
            "lang": "en",
            "name": "English",
            "path": "lang/en.json"
        },
        {
            "lang": "ko",
            "name": "한국어",
            "path": "lang/ko.json"
        },
        {
            "lang": "pl",
            "name": "Polski",
            "path": "lang/pl.json"
        },
        {
            "lang": "pt-BR",
            "name": "Português (Brasil)",
            "path": "lang/pt-BR.json"
        },
        {
            "lang": "ja",
            "name": "日本語",
            "path": "lang/ja.json"
        },
        {
            "lang": "de",
            "name": "Deutsch",
            "path": "lang/de.json"
        }
    ],
    "packs": [],
    "scripts": [],
    "esmodules": [
        "init.js"
    ],
    "styles": [
        "styles/style.css"
    ],
    "compatibility": {
        "minimum": 11,
        "verified": 11,
        "maximum": 11
    },
    "manifestPlusVersion": "1.2.1",
    "url": "https://github.com/League-of-Foundry-Developers/foundryvtt-forien-unidentified-items",
    "manifest": "https://github.com/League-of-Foundry-Developers/foundryvtt-forien-unidentified-items/releases/latest/download/module.json",
    "download": "https://github.com/League-of-Foundry-Developers/foundryvtt-forien-unidentified-items/releases/download/v1.0.3/module.zip",
    "readme": "https://github.com/League-of-Foundry-Developers/foundryvtt-forien-unidentified-items/blob/v0.6.1/README.md",
    "changelog": "https://github.com/League-of-Foundry-Developers/foundryvtt-forien-unidentified-items/blob/v0.6.1/CHANGELOG.md",
    "bugs": "https://github.com/League-of-Foundry-Developers/foundryvtt-forien-unidentified-items/issues",
    "allowBugReporter": true,
    "relationships": {
        "systems": [],
        "requires": [
            {
                "id": "lib-wrapper",
                "type": "module",
                "manifest": "https://github.com/ruipin/fvtt-lib-wrapper/releases/latest/download/module.json",
                "compatibility": {}
            }
        ],
        "conflicts": []
    }
}